player_id,player_name,matches_played,kills,deaths,assists,damage,headshots,wins,top10s,revives,distance,weapons_used,survival_time,rank
P00,StealthMaster,250.0,587.0,143.0,98.0,15243.0,234.0,32.0,145.0,67.0,72560.0,12.0,28976.0,0.0
P01,SniperLion,312.0,816.2000000000004,216.60000000000008,112.0,18955.2,277.40000000000003,42.0,186.80000000000013,86.40000000000015,77751.60000000002,14.800000000000011,32475.200000000008,0.0
P02,NinjaGamer,186.0,492.0,84.0,56.0,11786.0,156.0,28.0,97.0,48.0,60924.0,10.0,21764.0,0.0
P03,ThunderStrike,328.2000000000002,816.2000000000004,216.60000000000008,131.8,18955.2,277.40000000000003,46.400000000000034,186.80000000000013,86.40000000000015,77751.60000000002,14.800000000000011,32475.200000000008,0.0
P04,SpeedDemon,143.0,368.0,68.0,42.0,9865.0,123.0,20.0,72.0,36.0,52072.0,8.0,16834.0,0.0
P05,BlazeFury,288.0,642.0,156.0,74.0,14238.0,189.0,35.0,129.0,57.0,68894.0,11.0,27345.0,0.0
P06,RapidShadow,201.0,539.0,93.0,68.0,12689.0,165.0,26.0,89.0,42.0,59871.0,9.0,21986.0,0.0
P07,Frostbite,178.0,421.0,105.0,63.0,10572.0,147.0,18.0,68.0,39.0,52590.0,8.0,18743.0,0.0
P08,SavageQueen,328.2000000000002,748.0,193.0,122.0,17654.0,272.0,46.400000000000034,186.80000000000013,86.40000000000015,77751.60000000002,14.0,32475.200000000008,0.0
P09,SwiftStriker,194.0,511.0,87.0,58.0,13579.0,182.0,23.0,83.0,51.0,56978.0,9.0,24173.0,0.0
P10,VenomousViper,210.0,566.0,132.0,71.0,13985.0,187.0,27.0,98.0,46.0,58647.0,10.0,22764.0,0.0
P11,PhoenixFury,288.0,742.0,188.0,104.0,16982.0,248.0,41.0,137.0,69.0,66298.0,12.0,27846.0,0.0
P12,SteelStorm,176.0,448.0,83.0,52.0,10374.0,142.0,18.0,67.0,32.0,49876.0,8.0,19632.0,0.0
P13,BlazingBlade,313.0,789.0,211.0,123.0,18876.0,275.0,44.0,163.0,72.0,72985.0,13.0,30745.0,0.0
P14,StormChaser,257.0,674.0,158.0,95.0,15482.0,212.0,36.0,119.0,58.0,64279.0,11.0,26987.0,0.0
P15,Frostbite,197.0,501.0,105.0,64.0,11634.0,149.0,25.0,85.0,43.0,57401.0,10.0,21345.0,0.0
P16,Nightmare,288.0,713.0,174.0,118.0,16648.0,236.0,39.0,138.0,64.0,67845.0,12.0,28834.0,0.0
P17,CrimsonTide,224.0,589.0,124.0,88.0,14257.0,195.0,31.0,105.0,53.0,59875.0,11.0,24167.0,0.0
P18,SilentShadow,193.0,483.0,99.0,63.0,11968.0,155.0,22.0,78.0,40.0,53481.0,10.0,21856.0,0.0
P19,VengefulViper,212.0,576.0,134.0,76.0,14398.0,197.0,28.0,100.0,50.0,57698.0,10.0,23457.0,0.0
P20,SolarFlare,250.0,641.0,158.0,102.0,15734.0,221.0,37.0,130.0,61.0,62892.0,11.0,26376.0,0.0
P21,SkyDancer,195.0,502.0,108.0,66.0,12683.0,169.0,24.0,83.0,42.0,55581.0,9.0,22568.0,0.0
P22,RogueWraith,267.0,724.0,186.0,119.0,17092.0,253.0,40.0,146.0,68.0,67791.0,13.0,28356.0,0.0
P23,LethalLynx,223.0,612.0,132.0,87.0,15234.0,211.0,32.0,111.0,55.0,60987.0,11.0,25467.0,0.0
P24,FrostFang,204.0,529.0,104.0,70.0,13642.0,178.0,29.0,96.0,48.0,57645.0,10.0,23589.0,0.0
P25,ScarletStrider,256.0,659.0,159.0,98.0,15679.0,224.0,35.0,116.0,57.0,63482.0,11.0,26346.0,0.0
P26,RagingRaptor,271.0,698.0,167.0,111.0,16589.0,240.0,37.0,130.0,62.0,66934.0,12.0,27789.0,0.0
P27,ShadowWisp,198.0,517.0,101.0,63.0,12465.0,172.0,23.0,81.0,43.0,54497.0,9.0,21365.0,0.0
P28,VenomStrike,223.0,593.0,136.0,84.0,14275.0,201.0,31.0,105.0,53.0,58876.0,10.0,24257.0,0.0
P29,FireFury,268.0,702.0,185.0,123.0,16587.0,231.0,36.0,126.0,60.0,65487.0,12.0,27346.0,0.0
P30,VenomousViper,210.0,566.0,132.0,71.0,13985.0,187.0,27.0,98.0,46.0,58647.0,10.0,22764.0,0.0
P31,PhoenixFury,288.0,742.0,188.0,104.0,16982.0,248.0,41.0,137.0,69.0,66298.0,12.0,27846.0,0.0
P32,SteelStorm,176.0,448.0,83.0,52.0,10374.0,142.0,18.0,67.0,32.0,49876.0,8.0,19632.0,0.0
P33,BlazingBlade,313.0,789.0,211.0,123.0,18876.0,275.0,44.0,163.0,72.0,72985.0,13.0,30745.0,0.0
P34,StormChaser,257.0,674.0,158.0,95.0,15482.0,212.0,36.0,119.0,58.0,64279.0,11.0,26987.0,0.0
P35,Frostbite,197.0,501.0,105.0,64.0,11634.0,149.0,25.0,85.0,43.0,57401.0,10.0,21345.0,0.0
P36,Nightmare,288.0,713.0,174.0,118.0,16648.0,236.0,39.0,138.0,64.0,67845.0,12.0,28834.0,0.0
P37,CrimsonTide,224.0,589.0,124.0,88.0,14257.0,195.0,31.0,105.0,53.0,59875.0,11.0,24167.0,0.0
P38,SilentShadow,193.0,483.0,99.0,63.0,11968.0,155.0,22.0,78.0,40.0,53481.0,10.0,21856.0,0.0
P39,VengefulViper,212.0,576.0,134.0,76.0,14398.0,197.0,28.0,100.0,50.0,57698.0,10.0,23457.0,0.0
P40,SolarFlare,250.0,641.0,158.0,102.0,15734.0,221.0,37.0,130.0,61.0,62892.0,11.0,26376.0,0.0
P41,SkyDancer,195.0,502.0,108.0,66.0,12683.0,169.0,24.0,83.0,42.0,55581.0,9.0,22568.0,0.0
P42,RogueWraith,267.0,724.0,186.0,119.0,17092.0,253.0,40.0,146.0,68.0,67791.0,13.0,28356.0,0.0
P43,LethalLynx,223.0,612.0,132.0,87.0,15234.0,211.0,32.0,111.0,55.0,60987.0,11.0,25467.0,0.0
P44,FrostFang,204.0,529.0,104.0,70.0,13642.0,178.0,29.0,96.0,48.0,57645.0,10.0,23589.0,0.0
P45,ScarletStrider,256.0,659.0,159.0,98.0,15679.0,224.0,35.0,116.0,57.0,63482.0,11.0,26346.0,0.0
P46,RagingRaptor,271.0,698.0,167.0,111.0,16589.0,240.0,37.0,130.0,62.0,66934.0,12.0,27789.0,0.0
P47,ShadowWisp,198.0,517.0,101.0,63.0,12465.0,172.0,23.0,81.0,43.0,54497.0,9.0,21365.0,0.0
P48,VenomStrike,223.0,593.0,136.0,84.0,14275.0,201.0,31.0,105.0,53.0,58876.0,10.0,24257.0,0.0
P49,FireFury,268.0,702.0,185.0,123.0,16587.0,231.0,36.0,126.0,60.0,65487.0,12.0,27346.0,0.0
P50,VenomousViper,210.0,566.0,132.0,71.0,13985.0,187.0,27.0,98.0,46.0,58647.0,10.0,22764.0,0.0
P51,PhoenixFury,288.0,742.0,188.0,104.0,16982.0,248.0,41.0,137.0,69.0,66298.0,12.0,27846.0,0.0
P52,SteelStorm,176.0,448.0,83.0,52.0,10374.0,142.0,18.0,67.0,32.0,49876.0,8.0,19632.0,0.0
P53,BlazingBlade,313.0,789.0,211.0,123.0,18876.0,275.0,44.0,163.0,72.0,72985.0,13.0,30745.0,0.0
P54,StormChaser,257.0,674.0,158.0,95.0,15482.0,212.0,36.0,119.0,58.0,64279.0,11.0,26987.0,0.0
P55,Frostbite,197.0,501.0,105.0,64.0,11634.0,149.0,25.0,85.0,43.0,57401.0,10.0,21345.0,0.0
P56,Nightmare,288.0,713.0,174.0,118.0,16648.0,236.0,39.0,138.0,64.0,67845.0,12.0,28834.0,0.0
P57,CrimsonTide,224.0,589.0,124.0,88.0,14257.0,195.0,31.0,105.0,53.0,59875.0,11.0,24167.0,0.0
P58,SilentShadow,193.0,483.0,99.0,63.0,11968.0,155.0,22.0,78.0,40.0,53481.0,10.0,21856.0,0.0
P59,VengefulViper,212.0,576.0,134.0,76.0,14398.0,197.0,28.0,100.0,50.0,57698.0,10.0,23457.0,0.0
P60,SolarFlare,250.0,641.0,158.0,102.0,15734.0,221.0,37.0,130.0,61.0,62892.0,11.0,26376.0,0.0
P61,SkyDancer,195.0,502.0,108.0,66.0,12683.0,169.0,24.0,83.0,42.0,55581.0,9.0,22568.0,0.0
P62,RogueWraith,267.0,724.0,186.0,119.0,17092.0,253.0,40.0,146.0,68.0,67791.0,13.0,28356.0,0.0
P63,LethalLynx,223.0,612.0,132.0,87.0,15234.0,211.0,32.0,111.0,55.0,60987.0,11.0,25467.0,0.0
P64,FrostFang,204.0,529.0,104.0,70.0,13642.0,178.0,29.0,96.0,48.0,57645.0,10.0,23589.0,0.0
P65,ScarletStrider,256.0,659.0,159.0,98.0,15679.0,224.0,35.0,116.0,57.0,63482.0,11.0,26346.0,0.0
P66,RagingRaptor,271.0,698.0,167.0,111.0,16589.0,240.0,37.0,130.0,62.0,66934.0,12.0,27789.0,0.0
P67,ShadowWisp,198.0,517.0,101.0,63.0,12465.0,172.0,23.0,81.0,43.0,54497.0,9.0,21365.0,0.0
P68,VenomStrike,223.0,593.0,136.0,84.0,14275.0,201.0,31.0,105.0,53.0,58876.0,10.0,24257.0,0.0
P69,FireFury,268.0,702.0,185.0,123.0,16587.0,231.0,36.0,126.0,60.0,65487.0,12.0,27346.0,0.0
P70,VenomousViper,210.0,566.0,132.0,71.0,13985.0,187.0,27.0,98.0,46.0,58647.0,10.0,22764.0,0.0
P71,PhoenixFury,288.0,742.0,188.0,104.0,16982.0,248.0,41.0,137.0,69.0,66298.0,12.0,27846.0,0.0
P72,SteelStorm,176.0,448.0,83.0,52.0,10374.0,142.0,18.0,67.0,32.0,49876.0,8.0,19632.0,0.0
P73,BlazingBlade,313.0,789.0,211.0,123.0,18876.0,275.0,44.0,163.0,72.0,72985.0,13.0,30745.0,0.0
P74,StormChaser,257.0,674.0,158.0,95.0,15482.0,212.0,36.0,119.0,58.0,64279.0,11.0,26987.0,0.0
P75,Frostbite,197.0,501.0,105.0,64.0,11634.0,149.0,25.0,85.0,43.0,57401.0,10.0,21345.0,0.0
P76,Nightmare,288.0,713.0,174.0,118.0,16648.0,236.0,39.0,138.0,64.0,67845.0,12.0,28834.0,0.0
P77,CrimsonTide,224.0,589.0,124.0,88.0,14257.0,195.0,31.0,105.0,53.0,59875.0,11.0,24167.0,0.0
P78,SilentShadow,193.0,483.0,99.0,63.0,11968.0,155.0,22.0,78.0,40.0,53481.0,10.0,21856.0,0.0
P79,VengefulViper,212.0,576.0,134.0,76.0,14398.0,197.0,28.0,100.0,50.0,57698.0,10.0,23457.0,0.0
P80,SolarFlare,250.0,641.0,158.0,102.0,15734.0,221.0,37.0,130.0,61.0,62892.0,11.0,26376.0,0.0
P81,SkyDancer,195.0,502.0,108.0,66.0,12683.0,169.0,24.0,83.0,42.0,55581.0,9.0,22568.0,0.0
P82,RogueWraith,267.0,724.0,186.0,119.0,17092.0,253.0,40.0,146.0,68.0,67791.0,13.0,28356.0,0.0
P83,LethalLynx,223.0,612.0,132.0,87.0,15234.0,211.0,32.0,111.0,55.0,60987.0,11.0,25467.0,0.0
P84,FrostFang,204.0,529.0,104.0,70.0,13642.0,178.0,29.0,96.0,48.0,57645.0,10.0,23589.0,0.0
P85,ScarletStrider,256.0,659.0,159.0,98.0,15679.0,224.0,35.0,116.0,57.0,63482.0,11.0,26346.0,0.0
P86,RagingRaptor,271.0,698.0,167.0,111.0,16589.0,240.0,37.0,130.0,62.0,66934.0,12.0,27789.0,0.0
P87,ShadowWisp,198.0,517.0,101.0,63.0,12465.0,172.0,23.0,81.0,43.0,54497.0,9.0,21365.0,0.0
P88,VenomStrike,223.0,593.0,136.0,84.0,14275.0,201.0,31.0,105.0,53.0,58876.0,10.0,24257.0,0.0
P89,FireFury,268.0,702.0,185.0,123.0,16587.0,231.0,36.0,126.0,60.0,65487.0,12.0,27346.0,0.0
P90,BlazingSun,263.0,692.0,158.0,89.0,16273.0,207.0,39.0,132.0,63.0,64402.0,12.0,27689.0,0.0
P91,ShadowStrike,215.0,562.0,96.0,74.0,13452.0,163.0,30.0,101.0,47.0,56623.0,10.0,23184.0,0.0
P92,SteelGuardian,289.0,703.0,175.0,101.0,17481.0,222.0,37.0,134.0,59.0,68937.0,11.0,29673.0,0.0
P93,WickedWitch,176.0,387.0,78.0,47.0,9867.0,127.0,21.0,69.0,35.0,49785.0,9.0,19876.0,0.0
P94,RuthlessRaptor,328.2000000000002,816.2000000000004,216.60000000000008,131.8,18955.2,277.40000000000003,46.400000000000034,178.0,76.0,75894.0,14.800000000000011,31984.0,0.0
P95,FrostyFox,197.0,501.0,105.0,64.0,11634.0,149.0,25.0,85.0,43.0,57401.0,10.0,21345.0,0.0
P96,ViperVenom,221.0,621.0,154.0,86.0,14598.0,193.0,29.0,102.0,48.0,60986.0,11.0,24872.0,0.0
P97,CrimsonReaper,278.0,719.0,185.0,118.0,16678.0,218.0,36.0,128.0,62.0,68591.0,13.0,29145.0,0.0
P98,PhantomGhost,185.0,471.0,91.0,55.0,11876.0,138.0,22.0,74.0,37.0,52103.0,9.0,20763.0,0.0
P99,StormStrider,257.0,654.0,147.0,92.0,15645.0,201.0,34.0,118.0,54.0,62891.0,11.0,26587.0,0.0
P100,StormBreaker,213.0,577.0,126.0,93.0,14123.0,204.0,28.0,99.0,50.0,59674.0,10.0,24687.0,0.0
P101,SapphireSword,238.0,621.0,145.0,102.0,15346.0,219.0,33.0,111.0,55.0,61598.0,11.0,25647.0,0.0
P102,ShadowReign,241.0,662.0,168.0,117.0,16092.0,232.0,35.0,119.0,59.0,62987.0,12.0,26679.0,0.0
P103,DragonSlayer,229.0,619.0,141.0,97.0,14894.0,213.0,31.0,105.0,52.0,60982.0,11.0,25567.0,0.0
P104,SilverShadow,218.0,589.0,132.0,89.0,14389.0,207.0,30.0,100.0,50.0,59976.0,10.0,25046.0,0.0
P105,EagleEye,226.0,604.0,155.0,100.0,15234.0,216.0,32.0,110.0,56.0,61875.0,11.0,26135.0,0.0
P106,BlazingStorm,193.0,518.0,109.0,71.0,12876.0,193.0,25.0,87.0,43.0,55589.0,10.0,23259.0,0.0
P107,MidnightSage,247.0,681.0,173.0,119.0,16098.0,224.0,36.0,120.0,58.0,62974.0,11.0,26678.0,0.0
P108,RapidBlaze,202.0,537.0,122.0,82.0,13367.0,189.0,28.0,93.0,47.0,57894.0,9.0,24256.0,0.0
P109,FrostFire,211.0,548.0,117.0,79.0,13687.0,197.0,30.0,100.0,49.0,58976.0,10.0,25068.0,0.0
P110,ScarletWitch,254.0,679.0,152.0,98.0,15678.0,214.0,35.0,115.0,56.0,62893.0,11.0,26578.0,0.0
P111,RagingTiger,288.0,731.0,188.0,124.0,16679.0,230.0,37.0,128.0,61.0,66678.0,12.0,28056.0,0.0
P112,SpectralRogue,245.0,642.0,148.0,96.0,15432.0,218.0,34.0,115.0,57.0,61784.0,11.0,25967.0,0.0
P113,BlazingRaptor,296.0,786.0,192.0,131.0,17845.0,246.0,40.0,138.0,66.0,68876.0,13.0,29245.0,0.0
P114,EternalShadow,209.0,579.0,135.0,88.0,14267.0,203.0,29.0,101.0,51.0,59987.0,10.0,25046.0,0.0
P115,WickedStrider,232.0,619.0,154.0,100.0,14976.0,213.0,32.0,110.0,53.0,61587.0,11.0,25789.0,0.0
P116,FrostFire,191.0,501.0,114.0,73.0,12678.0,184.0,26.0,88.0,44.0,56489.0,10.0,23746.0,0.0
P117,CrimsonStorm,226.0,638.0,159.0,105.0,15694.0,223.0,34.0,117.0,57.0,61987.0,11.0,26345.0,0.0
P118,RuthlessReaper,198.0,512.0,103.0,68.0,12987.0,186.0,24.0,84.0,42.0,54278.0,10.0,22678.0,0.0
P119,VenomousViper,246.0,674.0,163.0,107.0,16056.0,219.0,35.0,120.0,58.0,62894.0,11.0,26746.0,0.0
P120,FrostFury,216.0,553.0,129.0,81.0,13587.0,191.0,29.0,99.0,49.0,59987.0,10.0,25056.0,0.0
P121,ShadowBlade,267.0,702.0,178.0,116.0,16687.0,227.0,36.0,125.0,62.0,65789.0,12.0,27546.0,0.0
P122,RapidPhantom,285.0,729.0,185.0,127.0,17568.0,238.0,38.0,130.0,65.0,67689.0,13.0,28456.0,0.0
P123,ViperStrike,202.0,533.0,110.0,72.0,13157.0,189.0,28.0,96.0,47.0,55478.0,10.0,23156.0,0.0
P124,EternalBlaze,226.0,622.0,140.0,96.0,14986.0,215.0,33.0,109.0,54.0,61187.0,11.0,25789.0,0.0
P125,Vengeance,213.0,568.0,124.0,95.0,13967.0,201.0,28.0,101.0,52.0,59487.0,10.0,24567.0,0.0
P126,LunarShadow,239.0,621.0,144.0,98.0,15234.0,219.0,34.0,112.0,56.0,61694.0,11.0,25568.0,0.0
P127,Deathstrike,242.0,662.0,167.0,112.0,15987.0,231.0,35.0,119.0,60.0,62876.0,12.0,26658.0,0.0
P128,AzureBlade,227.0,612.0,138.0,92.0,14789.0,210.0,31.0,107.0,54.0,60589.0,11.0,25257.0,0.0
P129,RavenHeart,219.0,583.0,130.0,87.0,14256.0,203.0,29.0,98.0,50.0,59876.0,10.0,24868.0,0.0
P130,SerpentFury,223.0,594.0,152.0,102.0,15378.0,220.0,32.0,109.0,55.0,61879.0,11.0,25946.0,0.0
P131,CrimsonRogue,195.0,519.0,107.0,69.0,12789.0,191.0,26.0,86.0,44.0,55894.0,10.0,23256.0,0.0
P132,VoidSeeker,248.0,671.0,171.0,114.0,15978.0,225.0,36.0,120.0,59.0,62987.0,12.0,26689.0,0.0
P133,AstralSword,203.0,536.0,123.0,83.0,13247.0,194.0,28.0,92.0,48.0,57856.0,10.0,24157.0,0.0
P134,FrozenFlame,212.0,543.0,116.0,78.0,13678.0,196.0,30.0,100.0,49.0,59278.0,10.0,24967.0,0.0
P135,TwilightWarden,253.0,661.0,150.0,97.0,15589.0,212.0,34.0,116.0,56.0,61975.0,11.0,25678.0,0.0
P136,ShadowPhoenix,287.0,723.0,185.0,128.0,16689.0,229.0,37.0,127.0,61.0,66698.0,12.0,27956.0,0.0
P137,PhantomStrider,286.0,732.0,183.0,130.0,17345.0,234.0,38.0,130.0,65.0,67587.0,13.0,28367.0,0.0
P138,VengefulViper,203.0,534.0,112.0,75.0,13078.0,188.0,29.0,95.0,48.0,56298.0,10.0,23689.0,0.0
P139,EternalFire,213.0,578.0,131.0,88.0,14257.0,202.0,30.0,102.0,53.0,59987.0,10.0,25079.0,0.0
P140,NebulaBlade,238.0,632.0,154.0,100.0,15378.0,214.0,34.0,115.0,57.0,61187.0,11.0,25876.0,0.0
P141,SilverHawk,194.0,526.0,106.0,68.0,12987.0,193.0,27.0,87.0,43.0,55698.0,10.0,23456.0,0.0
P142,SolarSword,248.0,662.0,167.0,114.0,15867.0,226.0,35.0,120.0,59.0,62378.0,11.0,26389.0,0.0
P143,EclipseShadow,205.0,547.0,124.0,84.0,13589.0,197.0,29.0,98.0,50.0,58987.0,10.0,24657.0,0.0
P144,StarBlade,214.0,562.0,119.0,80.0,13876.0,200.0,30.0,100.0,51.0,59968.0,10.0,25057.0,0.0
P145,LethalWraith,252.0,667.0,153.0,99.0,15678.0,213.0,33.0,114.0,58.0,61789.0,11.0,25978.0,0.0
P146,RadiantBlaze,288.0,727.0,183.0,129.0,16878.0,230.0,37.0,126.0,62.0,66789.0,12.0,27856.0,0.0
P147,FrostGuardian,283.0,724.0,182.0,128.0,17256.0,236.0,37.0,128.0,64.0,67578.0,13.0,28246.0,0.0
P148,MysticSerpent,207.0,539.0,111.0,76.0,13278.0,190.0,29.0,95.0,48.0,56478.0,10.0,23879.0,0.0
P149,InfernoStorm,211.0,548.0,121.0,82.0,13789.0,198.0,30.0,99.0,50.0,57876.0,10.0,24467.0,0.0
P150,Vengeance,213.0,568.0,124.0,95.0,13967.0,201.0,28.0,101.0,52.0,59487.0,10.0,24567.0,0.0
P151,LunarShadow,239.0,621.0,144.0,98.0,15234.0,219.0,34.0,112.0,56.0,61694.0,11.0,25568.0,0.0
P152,Deathstrike,242.0,662.0,167.0,112.0,15987.0,231.0,35.0,119.0,60.0,62876.0,12.0,26658.0,0.0
P153,AzureBlade,227.0,612.0,138.0,92.0,14789.0,210.0,31.0,107.0,54.0,60589.0,11.0,25257.0,0.0
P154,RavenHeart,219.0,583.0,130.0,87.0,14256.0,203.0,29.0,98.0,50.0,59876.0,10.0,24868.0,0.0
P155,SerpentFury,223.0,594.0,152.0,102.0,15378.0,220.0,32.0,109.0,55.0,61879.0,11.0,25946.0,0.0
P156,CrimsonRogue,195.0,519.0,107.0,69.0,12789.0,191.0,26.0,86.0,44.0,55894.0,10.0,23256.0,0.0
P157,VoidSeeker,248.0,671.0,171.0,114.0,15978.0,225.0,36.0,120.0,59.0,62987.0,12.0,26689.0,0.0
P158,AstralSword,203.0,536.0,123.0,83.0,13247.0,194.0,28.0,92.0,48.0,57856.0,10.0,24157.0,0.0
P159,FrozenFlame,212.0,543.0,116.0,78.0,13678.0,196.0,30.0,100.0,49.0,59278.0,10.0,24967.0,0.0
P160,TwilightWarden,253.0,661.0,150.0,97.0,15589.0,212.0,34.0,116.0,56.0,61975.0,11.0,25678.0,0.0
P161,ShadowPhoenix,287.0,723.0,185.0,128.0,16689.0,229.0,37.0,127.0,61.0,66698.0,12.0,27956.0,0.0
P162,PhantomStrider,286.0,732.0,183.0,130.0,17345.0,234.0,38.0,130.0,65.0,67587.0,13.0,28367.0,0.0
P163,VengefulViper,203.0,534.0,112.0,75.0,13078.0,188.0,29.0,95.0,48.0,56298.0,10.0,23689.0,0.0
P164,EternalFire,213.0,578.0,131.0,88.0,14257.0,202.0,30.0,102.0,53.0,59987.0,10.0,25079.0,0.0
P165,NebulaBlade,238.0,632.0,154.0,100.0,15378.0,214.0,34.0,115.0,57.0,61187.0,11.0,25876.0,0.0
P166,SilverHawk,194.0,526.0,106.0,68.0,12987.0,193.0,27.0,87.0,43.0,55698.0,10.0,23456.0,0.0
P167,SolarSword,248.0,662.0,167.0,114.0,15867.0,226.0,35.0,120.0,59.0,62378.0,11.0,26389.0,0.0
P168,EclipseShadow,205.0,547.0,124.0,84.0,13589.0,197.0,29.0,98.0,50.0,58987.0,10.0,24657.0,0.0
P169,StarBlade,214.0,562.0,119.0,80.0,13876.0,200.0,30.0,100.0,51.0,59968.0,10.0,25057.0,0.0
P170,LethalWraith,252.0,667.0,153.0,99.0,15678.0,213.0,33.0,114.0,58.0,61789.0,11.0,25978.0,0.0
P171,RadiantBlaze,288.0,727.0,183.0,129.0,16878.0,230.0,37.0,126.0,62.0,66789.0,12.0,27856.0,0.0
P172,FrostGuardian,283.0,724.0,182.0,128.0,17256.0,236.0,37.0,128.0,64.0,67578.0,13.0,28246.0,0.0
P173,MysticSerpent,207.0,539.0,111.0,76.0,13278.0,190.0,29.0,95.0,48.0,56478.0,10.0,23879.0,0.0
P174,InfernoStorm,211.0,548.0,121.0,82.0,13789.0,198.0,30.0,99.0,50.0,57876.0,10.0,24467.0,0.0
P175,Vengeance,213.0,568.0,124.0,95.0,13967.0,201.0,28.0,101.0,52.0,59487.0,10.0,24567.0,0.0
P176,LunarShadow,239.0,621.0,144.0,98.0,15234.0,219.0,34.0,112.0,56.0,61694.0,11.0,25568.0,0.0
P177,Deathstrike,242.0,662.0,167.0,112.0,15987.0,231.0,35.0,119.0,60.0,62876.0,12.0,26658.0,0.0
P178,AzureBlade,227.0,612.0,138.0,92.0,14789.0,210.0,31.0,107.0,54.0,60589.0,11.0,25257.0,0.0
P179,RavenHeart,219.0,583.0,130.0,87.0,14256.0,203.0,29.0,98.0,50.0,59876.0,10.0,24868.0,0.0
P180,SerpentFury,223.0,594.0,152.0,102.0,15378.0,220.0,32.0,109.0,55.0,61879.0,11.0,25946.0,0.0
P181,CrimsonRogue,195.0,519.0,107.0,69.0,12789.0,191.0,26.0,86.0,44.0,55894.0,10.0,23256.0,0.0
P182,VoidSeeker,248.0,671.0,171.0,114.0,15978.0,225.0,36.0,120.0,59.0,62987.0,12.0,26689.0,0.0
P183,AstralSword,203.0,536.0,123.0,83.0,13247.0,194.0,28.0,92.0,48.0,57856.0,10.0,24157.0,0.0
P184,FrozenFlame,212.0,543.0,116.0,78.0,13678.0,196.0,30.0,100.0,49.0,59278.0,10.0,24967.0,0.0
P185,TwilightWarden,253.0,661.0,150.0,97.0,15589.0,212.0,34.0,116.0,56.0,61975.0,11.0,25678.0,0.0
P186,ShadowPhoenix,287.0,723.0,185.0,128.0,16689.0,229.0,37.0,127.0,61.0,66698.0,12.0,27956.0,0.0
P187,PhantomStrider,286.0,732.0,183.0,130.0,17345.0,234.0,38.0,130.0,65.0,67587.0,13.0,28367.0,0.0
P188,VengefulViper,203.0,534.0,112.0,75.0,13078.0,188.0,29.0,95.0,48.0,56298.0,10.0,23689.0,0.0
P189,EternalFire,213.0,578.0,131.0,88.0,14257.0,202.0,30.0,102.0,53.0,59987.0,10.0,25079.0,0.0
P190,NebulaBlade,238.0,632.0,154.0,100.0,15378.0,214.0,34.0,115.0,57.0,61187.0,11.0,25876.0,0.0
P191,SilverHawk,194.0,526.0,106.0,68.0,12987.0,193.0,27.0,87.0,43.0,55698.0,10.0,23456.0,0.0
P192,SolarSword,248.0,662.0,167.0,114.0,15867.0,226.0,35.0,120.0,59.0,62378.0,11.0,26389.0,0.0
P193,EclipseShadow,205.0,547.0,124.0,84.0,13589.0,197.0,29.0,98.0,50.0,58987.0,10.0,24657.0,0.0
P194,StarBlade,214.0,562.0,119.0,80.0,13876.0,200.0,30.0,100.0,51.0,59968.0,10.0,25057.0,0.0
P195,LethalWraith,252.0,667.0,153.0,99.0,15678.0,213.0,33.0,114.0,58.0,61789.0,11.0,25978.0,0.0
P196,RadiantBlaze,288.0,727.0,183.0,129.0,16878.0,230.0,37.0,126.0,62.0,66789.0,12.0,27856.0,0.0
P197,FrostGuardian,283.0,724.0,182.0,128.0,17256.0,236.0,37.0,128.0,64.0,67578.0,13.0,28246.0,0.0
P198,MysticSerpent,207.0,539.0,111.0,76.0,13278.0,190.0,29.0,95.0,48.0,56478.0,10.0,23879.0,0.0
P199,InfernoStorm,211.0,548.0,121.0,82.0,13789.0,198.0,30.0,99.0,50.0,57876.0,10.0,24467.0,0.0
P200,BlazeRanger,225.0,603.0,139.0,93.0,14678.0,207.0,31.0,106.0,52.0,60967.0,11.0,25479.0,0.0
P201,RagingFire,239.0,625.0,142.0,97.0,15123.0,218.0,33.0,110.0,55.0,61976.0,11.0,25578.0,0.0
P202,ShadowDancer,242.0,662.0,165.0,110.0,15789.0,225.0,35.0,118.0,59.0,62867.0,12.0,26589.0,0.0
P203,PhoenixWings,226.0,617.0,136.0,89.0,14456.0,201.0,30.0,105.0,53.0,60487.0,11.0,25267.0,0.0
P204,IceStorm,218.0,589.0,127.0,83.0,13987.0,205.0,29.0,98.0,50.0,59967.0,10.0,24878.0,0.0
P205,MoonlitSorcerer,221.0,598.0,150.0,99.0,15087.0,213.0,32.0,108.0,54.0,61489.0,11.0,25979.0,0.0
P206,DarkReaper,197.0,511.0,104.0,68.0,12689.0,190.0,26.0,85.0,43.0,55576.0,10.0,23467.0,0.0
P207,CosmicGhost,239.0,655.0,170.0,112.0,15567.0,221.0,34.0,115.0,56.0,62367.0,11.0,26078.0,0.0
P208,StormRider,206.0,542.0,124.0,81.0,13345.0,194.0,29.0,97.0,49.0,58678.0,10.0,24789.0,0.0
P209,FlareRogue,215.0,561.0,118.0,79.0,13678.0,197.0,30.0,100.0,50.0,59789.0,10.0,25168.0,0.0
P210,RadiantBlade,263.0,692.0,174.0,116.0,16456.0,226.0,35.0,120.0,58.0,63345.0,12.0,26789.0,0.0
P211,TempestPhantom,295.0,728.0,184.0,126.0,17134.0,238.0,38.0,130.0,65.0,67234.0,13.0,28067.0,0.0
P212,SapphireViper,210.0,549.0,113.0,74.0,13489.0,189.0,29.0,96.0,48.0,56789.0,10.0,24067.0,0.0
P213,EternalFlame,223.0,591.0,130.0,85.0,14234.0,199.0,30.0,103.0,52.0,60178.0,11.0,25356.0,0.0
P214,StarlightBlade,248.0,652.0,157.0,103.0,15578.0,217.0,33.0,110.0,54.0,61287.0,11.0,25778.0,0.0
P215,LunarShadow,267.0,697.0,173.0,120.0,16245.0,231.0,36.0,125.0,62.0,64876.0,12.0,27456.0,0.0
P216,CrimsonRider,294.0,743.0,187.0,131.8,17567.0,242.0,39.0,133.0,67.0,66987.0,13.0,28345.0,0.0
P217,BlazingSorcerer,203.0,521.0,109.0,72.0,13123.0,193.0,27.0,91.0,45.0,55487.0,10.0,23267.0,0.0
P218,FrozenFlare,206.0,553.0,117.0,76.0,13756.0,196.0,29.0,96.0,49.0,58789.0,10.0,24579.0,0.0
P219,AbyssGuardian,220.0,597.0,144.0,98.0,14967.0,212.0,32.0,108.0,54.0,60978.0,11.0,25679.0,0.0
P220,SpectralPhantom,225.0,624.0,149.0,100.0,15345.0,219.0,33.0,110.0,55.0,61789.0,11.0,25967.0,0.0
